Method,Job,AnalyzeLaunchVariance,EvaluateOverhead,MaxAbsoluteError,MaxRelativeError,MinInvokeCount,MinIterationTime,OutlierMode,Affinity,EnvironmentVariables,Jit,LargeAddressAware,Platform,PowerPlanMode,Runtime,AllowVeryLargeObjects,Concurrent,CpuGroups,Force,HeapAffinitizeMask,HeapCount,NoAffinitize,RetainVm,Server,Arguments,BuildConfiguration,Clock,EngineFactory,NuGetReferences,Toolchain,IsMutator,InvocationCount,IterationCount,IterationTime,LaunchCount,MaxIterationCount,MaxWarmupIterationCount,MemoryRandomization,MinIterationCount,MinWarmupIterationCount,RunStrategy,UnrollFactor,WarmupCount,TextLength,Mean,Error,StdDev,Gen0,Allocated
'IsTextUtf8 - 纯ASCII',Job-DSAPOT,False,Default,Default,Default,Default,Default,Default,11111111111111,Empty,RyuJit,Default,X64,8c5e7fda-e8bf-4a96-9a85-a6e23a8c635c,.NET 8.0,False,True,False,True,Default,Default,False,False,True,Default,Default,Default,Default,Default,Default,Default,Default,2,Default,1,Default,Default,Default,Default,Default,Default,16,1,100,41.7529 ns,11.7043 ns,0.0260 ns,0.0000,0 B
'IsTextUtf8 - 中文UTF8',Job-DSAPOT,False,Default,Default,Default,Default,Default,Default,11111111111111,Empty,RyuJit,Default,X64,8c5e7fda-e8bf-4a96-9a85-a6e23a8c635c,.NET 8.0,False,True,False,True,Default,Default,False,False,True,Default,Default,Default,Default,Default,Default,Default,Default,2,Default,1,Default,Default,Default,Default,Default,Default,16,1,100,146.0554 ns,276.5617 ns,0.6144 ns,0.0000,0 B
'IsTextUtf8 - 混合UTF8',Job-DSAPOT,False,Default,Default,Default,Default,Default,Default,11111111111111,Empty,RyuJit,Default,X64,8c5e7fda-e8bf-4a96-9a85-a6e23a8c635c,.NET 8.0,False,True,False,True,Default,Default,False,False,True,Default,Default,Default,Default,Default,Default,Default,Default,2,Default,1,Default,Default,Default,Default,Default,Default,16,1,100,164.0798 ns,442.2999 ns,0.9825 ns,0.0000,0 B
'IsTextUtf8 - 无效序列',Job-DSAPOT,False,Default,Default,Default,Default,Default,Default,11111111111111,Empty,RyuJit,Default,X64,8c5e7fda-e8bf-4a96-9a85-a6e23a8c635c,.NET 8.0,False,True,False,True,Default,Default,False,False,True,Default,Default,Default,Default,Default,Default,Default,Default,2,Default,1,Default,Default,Default,Default,Default,Default,16,1,100,0.2299 ns,4.2348 ns,0.0094 ns,0.0000,0 B
'GetCodeTypeName - QR码',Job-DSAPOT,False,Default,Default,Default,Default,Default,Default,11111111111111,Empty,RyuJit,Default,X64,8c5e7fda-e8bf-4a96-9a85-a6e23a8c635c,.NET 8.0,False,True,False,True,Default,Default,False,False,True,Default,Default,Default,Default,Default,Default,Default,Default,2,Default,1,Default,Default,Default,Default,Default,Default,16,1,100,0.2048 ns,4.5967 ns,0.0102 ns,0.0000,0 B
'GetCodeTypeName - Code128',Job-DSAPOT,False,Default,Default,Default,Default,Default,Default,11111111111111,Empty,RyuJit,Default,X64,8c5e7fda-e8bf-4a96-9a85-a6e23a8c635c,.NET 8.0,False,True,False,True,Default,Default,False,False,True,Default,Default,Default,Default,Default,Default,Default,Default,2,Default,1,Default,Default,Default,Default,Default,Default,16,1,100,0.4330 ns,0.8288 ns,0.0018 ns,0.0000,0 B
'GetCodeTypeName - 未知码',Job-DSAPOT,False,Default,Default,Default,Default,Default,Default,11111111111111,Empty,RyuJit,Default,X64,8c5e7fda-e8bf-4a96-9a85-a6e23a8c635c,.NET 8.0,False,True,False,True,Default,Default,False,False,True,Default,Default,Default,Default,Default,Default,Default,Default,2,Default,1,Default,Default,Default,Default,Default,Default,16,1,100,0.2099 ns,6.6180 ns,0.0147 ns,0.0000,0 B
'GetErrorDescription - 网络错误',Job-DSAPOT,False,Default,Default,Default,Default,Default,Default,11111111111111,Empty,RyuJit,Default,X64,8c5e7fda-e8bf-4a96-9a85-a6e23a8c635c,.NET 8.0,False,True,False,True,Default,Default,False,False,True,Default,Default,Default,Default,Default,Default,Default,Default,2,Default,1,Default,Default,Default,Default,Default,Default,16,1,100,0.6345 ns,2.1353 ns,0.0047 ns,0.0000,0 B
'GetErrorDescription - 未知错误码',Job-DSAPOT,False,Default,Default,Default,Default,Default,Default,11111111111111,Empty,RyuJit,Default,X64,8c5e7fda-e8bf-4a96-9a85-a6e23a8c635c,.NET 8.0,False,True,False,True,Default,Default,False,False,True,Default,Default,Default,Default,Default,Default,Default,Default,2,Default,1,Default,Default,Default,Default,Default,Default,16,1,100,0.6517 ns,4.0172 ns,0.0089 ns,0.0000,0 B
'DeviceInfo.ToString - GigE设备',Job-DSAPOT,False,Default,Default,Default,Default,Default,Default,11111111111111,Empty,RyuJit,Default,X64,8c5e7fda-e8bf-4a96-9a85-a6e23a8c635c,.NET 8.0,False,True,False,True,Default,Default,False,False,True,Default,Default,Default,Default,Default,Default,Default,Default,2,Default,1,Default,Default,Default,Default,Default,Default,16,1,100,92.1938 ns,349.7282 ns,0.7769 ns,0.0036,768 B
'IsTextUtf8 - 纯ASCII',Job-DSAPOT,False,Default,Default,Default,Default,Default,Default,11111111111111,Empty,RyuJit,Default,X64,8c5e7fda-e8bf-4a96-9a85-a6e23a8c635c,.NET 8.0,False,True,False,True,Default,Default,False,False,True,Default,Default,Default,Default,Default,Default,Default,Default,2,Default,1,Default,Default,Default,Default,Default,Default,16,1,1000,379.4895 ns,338.2003 ns,0.7513 ns,0.0000,0 B
'IsTextUtf8 - 中文UTF8',Job-DSAPOT,False,Default,Default,Default,Default,Default,Default,11111111111111,Empty,RyuJit,Default,X64,8c5e7fda-e8bf-4a96-9a85-a6e23a8c635c,.NET 8.0,False,True,False,True,Default,Default,False,False,True,Default,Default,Default,Default,Default,Default,Default,Default,2,Default,1,Default,Default,Default,Default,Default,Default,16,1,1000,"1,416.2928 ns","2,004.4919 ns",4.4529 ns,0.0000,0 B
'IsTextUtf8 - 混合UTF8',Job-DSAPOT,False,Default,Default,Default,Default,Default,Default,11111111111111,Empty,RyuJit,Default,X64,8c5e7fda-e8bf-4a96-9a85-a6e23a8c635c,.NET 8.0,False,True,False,True,Default,Default,False,False,True,Default,Default,Default,Default,Default,Default,Default,Default,2,Default,1,Default,Default,Default,Default,Default,Default,16,1,1000,"1,518.0553 ns","4,601.5402 ns",10.2221 ns,0.0000,0 B
'IsTextUtf8 - 无效序列',Job-DSAPOT,False,Default,Default,Default,Default,Default,Default,11111111111111,Empty,RyuJit,Default,X64,8c5e7fda-e8bf-4a96-9a85-a6e23a8c635c,.NET 8.0,False,True,False,True,Default,Default,False,False,True,Default,Default,Default,Default,Default,Default,Default,Default,2,Default,1,Default,Default,Default,Default,Default,Default,16,1,1000,0.2013 ns,2.0070 ns,0.0045 ns,0.0000,0 B
'GetCodeTypeName - QR码',Job-DSAPOT,False,Default,Default,Default,Default,Default,Default,11111111111111,Empty,RyuJit,Default,X64,8c5e7fda-e8bf-4a96-9a85-a6e23a8c635c,.NET 8.0,False,True,False,True,Default,Default,False,False,True,Default,Default,Default,Default,Default,Default,Default,Default,2,Default,1,Default,Default,Default,Default,Default,Default,16,1,1000,0.2183 ns,11.6019 ns,0.0258 ns,0.0000,0 B
'GetCodeTypeName - Code128',Job-DSAPOT,False,Default,Default,Default,Default,Default,Default,11111111111111,Empty,RyuJit,Default,X64,8c5e7fda-e8bf-4a96-9a85-a6e23a8c635c,.NET 8.0,False,True,False,True,Default,Default,False,False,True,Default,Default,Default,Default,Default,Default,Default,Default,2,Default,1,Default,Default,Default,Default,Default,Default,16,1,1000,0.4084 ns,3.0190 ns,0.0067 ns,0.0000,0 B
'GetCodeTypeName - 未知码',Job-DSAPOT,False,Default,Default,Default,Default,Default,Default,11111111111111,Empty,RyuJit,Default,X64,8c5e7fda-e8bf-4a96-9a85-a6e23a8c635c,.NET 8.0,False,True,False,True,Default,Default,False,False,True,Default,Default,Default,Default,Default,Default,Default,Default,2,Default,1,Default,Default,Default,Default,Default,Default,16,1,1000,0.3979 ns,0.7374 ns,0.0016 ns,0.0000,0 B
'GetErrorDescription - 网络错误',Job-DSAPOT,False,Default,Default,Default,Default,Default,Default,11111111111111,Empty,RyuJit,Default,X64,8c5e7fda-e8bf-4a96-9a85-a6e23a8c635c,.NET 8.0,False,True,False,True,Default,Default,False,False,True,Default,Default,Default,Default,Default,Default,Default,Default,2,Default,1,Default,Default,Default,Default,Default,Default,16,1,1000,0.6507 ns,5.1803 ns,0.0115 ns,0.0000,0 B
'GetErrorDescription - 未知错误码',Job-DSAPOT,False,Default,Default,Default,Default,Default,Default,11111111111111,Empty,RyuJit,Default,X64,8c5e7fda-e8bf-4a96-9a85-a6e23a8c635c,.NET 8.0,False,True,False,True,Default,Default,False,False,True,Default,Default,Default,Default,Default,Default,Default,Default,2,Default,1,Default,Default,Default,Default,Default,Default,16,1,1000,0.8380 ns,6.5859 ns,0.0146 ns,0.0000,0 B
'DeviceInfo.ToString - GigE设备',Job-DSAPOT,False,Default,Default,Default,Default,Default,Default,11111111111111,Empty,RyuJit,Default,X64,8c5e7fda-e8bf-4a96-9a85-a6e23a8c635c,.NET 8.0,False,True,False,True,Default,Default,False,False,True,Default,Default,Default,Default,Default,Default,Default,Default,2,Default,1,Default,Default,Default,Default,Default,Default,16,1,1000,91.2118 ns,925.1370 ns,2.0551 ns,0.0036,768 B
'IsTextUtf8 - 纯ASCII',Job-DSAPOT,False,Default,Default,Default,Default,Default,Default,11111111111111,Empty,RyuJit,Default,X64,8c5e7fda-e8bf-4a96-9a85-a6e23a8c635c,.NET 8.0,False,True,False,True,Default,Default,False,False,True,Default,Default,Default,Default,Default,Default,Default,Default,2,Default,1,Default,Default,Default,Default,Default,Default,16,1,10000,"3,660.9865 ns",722.1174 ns,1.6041 ns,0.0000,0 B
'IsTextUtf8 - 中文UTF8',Job-DSAPOT,False,Default,Default,Default,Default,Default,Default,11111111111111,Empty,RyuJit,Default,X64,8c5e7fda-e8bf-4a96-9a85-a6e23a8c635c,.NET 8.0,False,True,False,True,Default,Default,False,False,True,Default,Default,Default,Default,Default,Default,Default,Default,2,Default,1,Default,Default,Default,Default,Default,Default,16,1,10000,"13,336.5532 ns","18,401.3038 ns",40.8775 ns,0.0000,0 B
'IsTextUtf8 - 混合UTF8',Job-DSAPOT,False,Default,Default,Default,Default,Default,Default,11111111111111,Empty,RyuJit,Default,X64,8c5e7fda-e8bf-4a96-9a85-a6e23a8c635c,.NET 8.0,False,True,False,True,Default,Default,False,False,True,Default,Default,Default,Default,Default,Default,Default,Default,2,Default,1,Default,Default,Default,Default,Default,Default,16,1,10000,"15,205.8487 ns","14,341.8070 ns",31.8595 ns,0.0000,0 B
'IsTextUtf8 - 无效序列',Job-DSAPOT,False,Default,Default,Default,Default,Default,Default,11111111111111,Empty,RyuJit,Default,X64,8c5e7fda-e8bf-4a96-9a85-a6e23a8c635c,.NET 8.0,False,True,False,True,Default,Default,False,False,True,Default,Default,Default,Default,Default,Default,Default,Default,2,Default,1,Default,Default,Default,Default,Default,Default,16,1,10000,0.2358 ns,7.6328 ns,0.0170 ns,0.0000,0 B
'GetCodeTypeName - QR码',Job-DSAPOT,False,Default,Default,Default,Default,Default,Default,11111111111111,Empty,RyuJit,Default,X64,8c5e7fda-e8bf-4a96-9a85-a6e23a8c635c,.NET 8.0,False,True,False,True,Default,Default,False,False,True,Default,Default,Default,Default,Default,Default,Default,Default,2,Default,1,Default,Default,Default,Default,Default,Default,16,1,10000,0.4490 ns,11.5447 ns,0.0256 ns,0.0000,0 B
'GetCodeTypeName - Code128',Job-DSAPOT,False,Default,Default,Default,Default,Default,Default,11111111111111,Empty,RyuJit,Default,X64,8c5e7fda-e8bf-4a96-9a85-a6e23a8c635c,.NET 8.0,False,True,False,True,Default,Default,False,False,True,Default,Default,Default,Default,Default,Default,Default,Default,2,Default,1,Default,Default,Default,Default,Default,Default,16,1,10000,0.6349 ns,4.0354 ns,0.0090 ns,0.0000,0 B
'GetCodeTypeName - 未知码',Job-DSAPOT,False,Default,Default,Default,Default,Default,Default,11111111111111,Empty,RyuJit,Default,X64,8c5e7fda-e8bf-4a96-9a85-a6e23a8c635c,.NET 8.0,False,True,False,True,Default,Default,False,False,True,Default,Default,Default,Default,Default,Default,Default,Default,2,Default,1,Default,Default,Default,Default,Default,Default,16,1,10000,0.4546 ns,10.6416 ns,0.0236 ns,0.0000,0 B
'GetErrorDescription - 网络错误',Job-DSAPOT,False,Default,Default,Default,Default,Default,Default,11111111111111,Empty,RyuJit,Default,X64,8c5e7fda-e8bf-4a96-9a85-a6e23a8c635c,.NET 8.0,False,True,False,True,Default,Default,False,False,True,Default,Default,Default,Default,Default,Default,Default,Default,2,Default,1,Default,Default,Default,Default,Default,Default,16,1,10000,0.6142 ns,3.6607 ns,0.0081 ns,0.0000,0 B
'GetErrorDescription - 未知错误码',Job-DSAPOT,False,Default,Default,Default,Default,Default,Default,11111111111111,Empty,RyuJit,Default,X64,8c5e7fda-e8bf-4a96-9a85-a6e23a8c635c,.NET 8.0,False,True,False,True,Default,Default,False,False,True,Default,Default,Default,Default,Default,Default,Default,Default,2,Default,1,Default,Default,Default,Default,Default,Default,16,1,10000,0.5925 ns,6.1973 ns,0.0138 ns,0.0000,0 B
'DeviceInfo.ToString - GigE设备',Job-DSAPOT,False,Default,Default,Default,Default,Default,Default,11111111111111,Empty,RyuJit,Default,X64,8c5e7fda-e8bf-4a96-9a85-a6e23a8c635c,.NET 8.0,False,True,False,True,Default,Default,False,False,True,Default,Default,Default,Default,Default,Default,Default,Default,2,Default,1,Default,Default,Default,Default,Default,Default,16,1,10000,94.4601 ns,"2,804.1736 ns",6.2293 ns,0.0036,768 B
