Method,Job,AnalyzeLaunchVariance,EvaluateOverhead,MaxAbsoluteError,MaxRelativeError,MinInvokeCount,MinIterationTime,OutlierMode,Affinity,EnvironmentVariables,Jit,LargeAddressAware,Platform,PowerPlanMode,Runtime,AllowVeryLargeObjects,Concurrent,CpuGroups,Force,HeapAffinitizeMask,HeapCount,NoAffinitize,RetainVm,Server,Arguments,BuildConfiguration,Clock,EngineFactory,NuGetReferences,Toolchain,IsMutator,InvocationCount,IterationCount,IterationTime,LaunchCount,MaxIterationCount,MaxWarmupIterationCount,MemoryRandomization,MinIterationCount,MinWarmupIterationCount,RunStrategy,UnrollFactor,WarmupCount,Mean,Error,StdDev,Gen0,Allocated
Initialize_Orthogonal,Job-MOXWNR,False,Default,Default,Default,Default,Default,Default,11111111111111,Empty,RyuJit,Default,X64,8c5e7fda-e8bf-4a96-9a85-a6e23a8c635c,.NET 8.0,False,True,False,True,Default,Default,False,False,False,Default,Default,Default,Default,Default,Default,Default,Default,10,Default,Default,Default,Default,Default,Default,Default,Default,16,3,24.176 ns,0.3513 ns,0.2091 ns,0.0076,96 B
Initialize_Skewed,Job-MOXWNR,False,Default,Default,Default,Default,Default,Default,11111111111111,Empty,RyuJit,Default,X64,8c5e7fda-e8bf-4a96-9a85-a6e23a8c635c,.NET 8.0,False,True,False,True,Default,Default,False,False,False,Default,Default,Default,Default,Default,Default,Default,Default,10,Default,Default,Default,Default,Default,Default,Default,Default,16,3,24.326 ns,0.3494 ns,0.2311 ns,0.0076,96 B
ImageToPhysical_Point2f,Job-MOXWNR,False,Default,Default,Default,Default,Default,Default,11111111111111,Empty,RyuJit,Default,X64,8c5e7fda-e8bf-4a96-9a85-a6e23a8c635c,.NET 8.0,False,True,False,True,Default,Default,False,False,False,Default,Default,Default,Default,Default,Default,Default,Default,10,Default,Default,Default,Default,Default,Default,Default,Default,16,3,5.299 ns,0.0142 ns,0.0084 ns,0.0000,0 B
ImageToPhysical_Point2d,Job-MOXWNR,False,Default,Default,Default,Default,Default,Default,11111111111111,Empty,RyuJit,Default,X64,8c5e7fda-e8bf-4a96-9a85-a6e23a8c635c,.NET 8.0,False,True,False,True,Default,Default,False,False,False,Default,Default,Default,Default,Default,Default,Default,Default,10,Default,Default,Default,Default,Default,Default,Default,Default,16,3,24.133 ns,0.1058 ns,0.0700 ns,0.0000,0 B
ImageToPhysical_Float_Tuple,Job-MOXWNR,False,Default,Default,Default,Default,Default,Default,11111111111111,Empty,RyuJit,Default,X64,8c5e7fda-e8bf-4a96-9a85-a6e23a8c635c,.NET 8.0,False,True,False,True,Default,Default,False,False,False,Default,Default,Default,Default,Default,Default,Default,Default,10,Default,Default,Default,Default,Default,Default,Default,Default,16,3,24.479 ns,0.0879 ns,0.0581 ns,0.0000,0 B
ImageToPhysical_Double_Tuple,Job-MOXWNR,False,Default,Default,Default,Default,Default,Default,11111111111111,Empty,RyuJit,Default,X64,8c5e7fda-e8bf-4a96-9a85-a6e23a8c635c,.NET 8.0,False,True,False,True,Default,Default,False,False,False,Default,Default,Default,Default,Default,Default,Default,Default,10,Default,Default,Default,Default,Default,Default,Default,Default,16,3,23.317 ns,0.1072 ns,0.0709 ns,0.0000,0 B
PhysicalToImage,Job-MOXWNR,False,Default,Default,Default,Default,Default,Default,11111111111111,Empty,RyuJit,Default,X64,8c5e7fda-e8bf-4a96-9a85-a6e23a8c635c,.NET 8.0,False,True,False,True,Default,Default,False,False,False,Default,Default,Default,Default,Default,Default,Default,Default,10,Default,Default,Default,Default,Default,Default,Default,Default,16,3,17.779 ns,0.0400 ns,0.0238 ns,0.0000,0 B
Roundtrip_Image_Physical_Image,Job-MOXWNR,False,Default,Default,Default,Default,Default,Default,11111111111111,Empty,RyuJit,Default,X64,8c5e7fda-e8bf-4a96-9a85-a6e23a8c635c,.NET 8.0,False,True,False,True,Default,Default,False,False,False,Default,Default,Default,Default,Default,Default,Default,Default,10,Default,Default,Default,Default,Default,Default,Default,Default,16,3,17.726 ns,1.5595 ns,1.0315 ns,0.0000,0 B
ImageToPhysical_Skewed,Job-MOXWNR,False,Default,Default,Default,Default,Default,Default,11111111111111,Empty,RyuJit,Default,X64,8c5e7fda-e8bf-4a96-9a85-a6e23a8c635c,.NET 8.0,False,True,False,True,Default,Default,False,False,False,Default,Default,Default,Default,Default,Default,Default,Default,10,Default,Default,Default,Default,Default,Default,Default,Default,16,3,4.582 ns,0.0014 ns,0.0007 ns,0.0000,0 B
